GeneSymbol,GeneID,log2FoldChange,padj,Direction,biomarker_score
SAA2,6289,8.31996533411871,1.38083375457862e-12,Higher in Disease,98.67361246231287
REG3A,5068,9.13832348731117,1.9765488424549e-09,Higher in Disease,79.54081246559585
CXCL10,3627,4.97354737101974,1.21640294218623e-15,Higher in Disease,74.1800737781946
CXCL5,6374,10.6548303033003,3.32403588247372e-07,Higher in Disease,69.02555257958254
IL1A,3552,6.03306683652513,1.9448982702952297e-11,Higher in Disease,64.62080095505458
SOCS3,9021,4.94788390779209,1.82270214616278e-11,Higher in Disease,53.13673194471599
CCL4,6351,4.02914067166999,5.41726322503188e-13,Higher in Disease,49.42232613750141
SAA2-SAA4,100528017,6.46547232773908,5.0366920100208e-08,Higher in Disease,47.18407700123865
FOXQ1,94234,5.74262840889297,1.38931070631684e-08,Higher in Disease,45.120983480484746
LOC105372337,105372337,-7.9943685938506,3.56778403935915e-06,Higher in Control,43.55013387710737
ADAMTS4,9507,5.64699221018697,2.00516836862214e-08,Higher in Disease,43.46969421329429
C10orf55,414236,5.30798723447978,1.3357876500863e-08,Higher in Disease,41.79648523480775
SAA1,6288,6.87185842548703,8.53293142359263e-07,Higher in Disease,41.704633587340055
CXCL1,2919,6.16384639025663,1.88689620311844e-07,Higher in Disease,41.44725635218196
IGKV6D-21,28870,5.56029241825624,5.0366920100208e-08,Higher in Disease,40.578205630361104
GBP5,115362,4.41739455193917,6.75074083612444e-10,Higher in Disease,40.51037300632864
PTGS2,5743,6.33730851568936,4.90730748406181e-07,Higher in Disease,39.983072665300114
IFNG,3458,7.57789893928177,8.54189136957177e-06,Higher in Disease,38.408171233472316
PLAU,5328,4.9103696947103,2.25565077590118e-08,Higher in Disease,37.54826211141099
APOBEC3B,9582,-5.54057179201339,1.87799441406932e-07,Higher in Control,37.2675796471495
