,Control,Disease,Disease_minus_Control
INFLAMMATORY_RESPONSE,6.99387159409728,12.278073417703018,5.284201823605738
TNFA_SIGNALING_VIA_NFKB,11.934431221302928,16.648552764257353,4.714121542954425
ALLOGRAFT_REJECTION,8.852767913265204,13.249144535593752,4.396376622328548
EPITHELIAL_MESENCHYMAL_TRANSITION,8.510561210300203,12.905773737815208,4.395212527515005
INTERFERON_GAMMA_RESPONSE,13.871614547825601,18.20327084138569,4.331656293560091
IL6_JAK_STAT3_SIGNALING,6.839090196090254,10.069080722937588,3.2299905268473346
COMPLEMENT,11.072330872082727,13.87912955545487,2.8067986833721434
KRAS_SIGNALING_UP,8.796465442463345,11.39348590991652,2.5970204674531754
IL2_STAT5_SIGNALING,11.432585983992855,13.938940139810555,2.5063541558177
INTERFERON_ALPHA_RESPONSE,11.296906474301164,13.747218459598752,2.4503119852975885
COAGULATION,6.048365048734578,8.264787787884396,2.2164227391498184
APOPTOSIS,13.768148612310073,15.44679257672364,1.678643964413567
ANGIOGENESIS,2.8595411041977865,4.421844776928713,1.562303672730926
MTORC1_SIGNALING,16.19939035058584,17.70959942189913,1.510209071313291
HYPOXIA,13.099925944903472,14.545569888288444,1.4456439433849724
OXIDATIVE_PHOSPHORYLATION,19.97823657575157,18.569762876538142,-1.4084736992134275
UV_RESPONSE_DN,10.591251519491037,11.9518925801979,1.3606410607068629
E2F_TARGETS,11.237707421453214,12.586364079627971,1.3486566581747574
UNFOLDED_PROTEIN_RESPONSE,11.56825608933884,12.756533975026688,1.1882778856878478
G2M_CHECKPOINT,12.121814456836747,13.229467532552949,1.1076530757162022
APICAL_JUNCTION,10.927152615856391,11.979561555368168,1.0524089395117766
FATTY_ACID_METABOLISM,13.764518816241742,12.81796226422706,-0.9465565520146821
MYC_TARGETS_V2,6.100500783119024,6.923370124817961,0.8228693416989366
HEDGEHOG_SIGNALING,3.1698296846497866,3.876394028186031,0.7065643435362445
APICAL_SURFACE,3.598777949423405,4.275001719909265,0.6762237704858602
GLYCOLYSIS,13.568259184930131,14.241702675176592,0.673443490246461
ADIPOGENESIS,16.26378856844439,15.665508499675504,-0.5982800687688865
P53_PATHWAY,15.039797358444257,15.632340899412021,0.592543540967764
MYC_TARGETS_V1,18.587930338426897,19.10901273815962,0.5210823997327232
PEROXISOME,9.922802852531671,9.438261340387585,-0.4845415121440855
WNT_BETA_CATENIN_SIGNALING,4.536347031949111,5.019389673555703,0.48304264160659205
SPERMATOGENESIS,0.9401225515912313,1.363340523429164,0.42321797183793275
ESTROGEN_RESPONSE_EARLY,12.159236983424973,12.567392766394697,0.40815578296972355
HEME_METABOLISM,13.037527677373854,12.657648009072878,-0.3798796683009762
TGF_BETA_SIGNALING,8.820661310558393,9.189452597432467,0.3687912868740746
MYOGENESIS,6.8900083994591235,7.242186777089334,0.3521783776302101
CHOLESTEROL_HOMEOSTASIS,9.460926040954314,9.808720988353352,0.3477949473990378
UV_RESPONSE_UP,11.930942058109412,12.255031444718833,0.32408938660942077
BILE_ACID_METABOLISM,6.089083752073326,5.782059568185986,-0.3070241838873402
ANDROGEN_RESPONSE,11.892974851557902,12.178752886493392,0.2857780349354897
NOTCH_SIGNALING,5.344760910114038,5.601227788307103,0.2564668781930646
MITOTIC_SPINDLE,15.514731033043885,15.749165112367272,0.23443407932338722
REACTIVE_OXYGEN_SPECIES_PATHWAY,8.323710764401426,8.530545498041365,0.20683473363993876
KRAS_SIGNALING_DN,-1.2303698586521632,-1.3977015345462764,-0.16733167589411324
XENOBIOTIC_METABOLISM,10.900008766350393,11.05637681328205,0.1563680469316573
PANCREAS_BETA_CELLS,1.0661150245410036,0.9901669973642266,-0.07594802717677696
DNA_REPAIR,12.187875925169163,12.2616291780705,0.07375325290133716
ESTROGEN_RESPONSE_LATE,12.399514378204513,12.460364615178886,0.06085023697437286
PI3K_AKT_MTOR_SIGNALING,11.61831703220226,11.587741366428338,-0.03057566577392201
PROTEIN_SECRETION,12.89439125370031,12.868623026724466,-0.02576822697584369
